,solve,test1,true
,Multiplication,test1,true
,matrixAdd,test1,true
,transpose,test1,true
,MultiplyWithIdentity,test1,true
,negation,test1,true
0,solve,test1,true
0,Multiplication,test1,true
0,matrixAdd,test1,true
0,transpose,test1,true
0,MultiplyWithIdentity,test1,true
0,negation,test1,true
10,solve,test1,true
10,Multiplication,test1,true
10,matrixAdd,test1,true
10,transpose,test1,true
10,MultiplyWithIdentity,test1,true
10,negation,test1,true
11,solve,test1,true
11,Multiplication,test1,true
11,matrixAdd,test1,true
11,transpose,test1,true
11,MultiplyWithIdentity,test1,true
11,negation,test1,false
13,solve,test1,true
13,Multiplication,test1,true
13,matrixAdd,test1,true
13,transpose,test1,true
13,MultiplyWithIdentity,test1,true
13,negation,test1,true
15,solve,test1,true
15,Multiplication,test1,true
15,matrixAdd,test1,true
15,transpose,test1,true
15,MultiplyWithIdentity,test1,true
15,negation,test1,true
18,solve,test1,true
18,Multiplication,test1,true
18,matrixAdd,test1,true
18,transpose,test1,true
18,MultiplyWithIdentity,test1,true
18,negation,test1,true
2,solve,test1,true
2,Multiplication,test1,false
2,matrixAdd,test1,false
2,transpose,test1,false
2,MultiplyWithIdentity,test1,false
2,negation,test1,false
20,solve,test1,true
20,Multiplication,test1,true
20,matrixAdd,test1,true
20,transpose,test1,true
20,MultiplyWithIdentity,test1,true
20,negation,test1,true
21,solve,test1,true
21,Multiplication,test1,true
21,matrixAdd,test1,true
21,transpose,test1,true
21,MultiplyWithIdentity,test1,true
21,negation,test1,true
22,solve,test1,true
22,Multiplication,test1,true
22,matrixAdd,test1,true
22,transpose,test1,true
22,MultiplyWithIdentity,test1,true
22,negation,test1,true
23,solve,test1,true
23,Multiplication,test1,true
23,matrixAdd,test1,true
23,transpose,test1,true
23,MultiplyWithIdentity,test1,true
23,negation,test1,true
24,solve,test1,true
24,Multiplication,test1,true
24,matrixAdd,test1,true
24,transpose,test1,true
24,MultiplyWithIdentity,test1,true
24,negation,test1,true
25,solve,test1,true
25,Multiplication,test1,true
25,matrixAdd,test1,true
25,transpose,test1,true
25,MultiplyWithIdentity,test1,true
25,negation,test1,true
26,solve,test1,true
26,Multiplication,test1,true
26,matrixAdd,test1,true
26,transpose,test1,true
26,MultiplyWithIdentity,test1,true
26,negation,test1,true
27,solve,test1,true
27,Multiplication,test1,true
27,matrixAdd,test1,true
27,transpose,test1,true
27,MultiplyWithIdentity,test1,true
27,negation,test1,true
28,solve,test1,true
28,Multiplication,test1,true
28,matrixAdd,test1,true
28,transpose,test1,true
28,MultiplyWithIdentity,test1,true
28,negation,test1,true
29,solve,test1,true
29,Multiplication,test1,true
29,matrixAdd,test1,true
29,transpose,test1,true
29,MultiplyWithIdentity,test1,true
29,negation,test1,true
30,solve,test1,true
30,Multiplication,test1,true
30,matrixAdd,test1,true
30,transpose,test1,true
30,MultiplyWithIdentity,test1,true
30,negation,test1,true
31,solve,test1,true
31,Multiplication,test1,true
31,matrixAdd,test1,true
31,transpose,test1,true
31,MultiplyWithIdentity,test1,true
31,negation,test1,true
33,solve,test1,true
33,Multiplication,test1,true
33,matrixAdd,test1,true
33,transpose,test1,true
33,MultiplyWithIdentity,test1,true
33,negation,test1,true
34,solve,test1,true
34,Multiplication,test1,true
34,matrixAdd,test1,true
34,transpose,test1,true
34,MultiplyWithIdentity,test1,true
34,negation,test1,true
35,solve,test1,true
35,Multiplication,test1,true
35,matrixAdd,test1,true
35,transpose,test1,true
35,MultiplyWithIdentity,test1,true
35,negation,test1,true
36,solve,test1,true
36,Multiplication,test1,false
36,matrixAdd,test1,false
36,transpose,test1,false
36,MultiplyWithIdentity,test1,true
36,negation,test1,true
37,solve,test1,true
37,Multiplication,test1,true
37,matrixAdd,test1,true
37,transpose,test1,true
37,MultiplyWithIdentity,test1,true
37,negation,test1,true
38,solve,test1,true
38,Multiplication,test1,true
38,matrixAdd,test1,true
38,transpose,test1,true
38,MultiplyWithIdentity,test1,true
38,negation,test1,true
39,solve,test1,true
39,Multiplication,test1,true
39,matrixAdd,test1,true
39,transpose,test1,true
39,MultiplyWithIdentity,test1,true
39,negation,test1,true
42,solve,test1,true
42,Multiplication,test1,true
42,matrixAdd,test1,true
42,transpose,test1,true
42,MultiplyWithIdentity,test1,true
42,negation,test1,true
43,solve,test1,true
43,Multiplication,test1,true
43,matrixAdd,test1,true
43,transpose,test1,true
43,MultiplyWithIdentity,test1,true
43,negation,test1,true
45,solve,test1,true
45,Multiplication,test1,true
45,matrixAdd,test1,true
45,transpose,test1,true
45,MultiplyWithIdentity,test1,true
45,negation,test1,true
48,solve,test1,true
48,Multiplication,test1,true
48,matrixAdd,test1,true
48,transpose,test1,true
48,MultiplyWithIdentity,test1,true
48,negation,test1,true
49,solve,test1,true
49,Multiplication,test1,true
49,matrixAdd,test1,true
49,transpose,test1,true
49,MultiplyWithIdentity,test1,true
49,negation,test1,true
5,solve,test1,true
5,Multiplication,test1,true
5,matrixAdd,test1,true
5,transpose,test1,true
5,MultiplyWithIdentity,test1,true
5,negation,test1,true
50,solve,test1,true
50,Multiplication,test1,true
50,matrixAdd,test1,true
50,transpose,test1,true
50,MultiplyWithIdentity,test1,true
50,negation,test1,true
51,solve,test1,true
51,Multiplication,test1,true
51,matrixAdd,test1,true
51,transpose,test1,true
51,MultiplyWithIdentity,test1,true
51,negation,test1,true
52,solve,test1,true
52,Multiplication,test1,false
52,matrixAdd,test1,false
52,transpose,test1,false
52,MultiplyWithIdentity,test1,true
52,negation,test1,true
6,solve,test1,true
6,Multiplication,test1,true
6,matrixAdd,test1,true
6,transpose,test1,true
6,MultiplyWithIdentity,test1,true
6,negation,test1,true
7,solve,test1,true
7,Multiplication,test1,true
7,matrixAdd,test1,true
7,transpose,test1,true
7,MultiplyWithIdentity,test1,true
7,negation,test1,true
8,solve,test1,true
8,Multiplication,test1,true
8,matrixAdd,test1,true
8,transpose,test1,true
8,MultiplyWithIdentity,test1,true
8,negation,test1,true
9,solve,test1,true
9,Multiplication,test1,true
9,matrixAdd,test1,true
9,transpose,test1,true
9,MultiplyWithIdentity,test1,true
9,negation,test1,true
